Set,Species,Number,Mom,Neighbour,Tube,Indiv_ID,Flower_Count,Separate_Flr,Date_Collected,Diameter,Date_Measured,Measured_After_Collection,Viable_Disc_Seed_Count,Undev_Disc_Seed_Count,Viable_Ray_Seed_Count,Undev_Ray_Seed_Count,Reproductive_Biomass_mg,Seed_Biomass_mg,Inflor_Height,Branch_Lengths,Vegetative_Biomass,Empty_Flrs,Buds,Notes
A,cal,1,1,1,1,Acal111,2,no,5/2/18,NA,NA,NA,14,1,13,1,6.738,0.486,,,0.014,0,0,
A,cal,1,1,2,1,Acal112,1,no,5/2/18,5.5,5/2/18,no,47,1,3,0,9.208,6.357,,,0.005,0,0,
A,cal,1,1,3,1,Acal113,3,no,5/2/18,NA,NA,NA,12,3,13,4,8.584,NA,,,0.013,0,0,
A,cal,1,1,4,1,Acal114,2,no,5/2/18,NA,NA,NA,43,38,3,5,11.656,NA,,,0.012,0,2,
A,cal,1,1,5,1,Acal115,1,no,5/2/18,6,5/2/18,no,22,46,4,1,8.628,5.54,,,0.009,0,0,
A,cal,1,2,1,1,Acal121,2,no,5/2/18,NA,NA,NA,65,22,15,2,11.912,NA,,,0.008,0,0,
A,cal,1,2,2,1,Acal122,3,no,5/2/18,NA,NA,NA,143,40,30,1,25.059,NA,,,0.024,0,0,
A,cal,1,2,3,1,Acal123,1,no,5/2/18,3,5/2/18,no,11,12,7,0,3.399,1.959,,,need microbalance,0,0,
A,cal,1,2,4,1,Acal124,3,no,5/2/18,NA,NA,NA,75,51,12,6,22.881,NA,,,0.021,0,0,
A,cal,1,2,5,1,Acal125,1,no,5/2/18,NA,NA,NA,6,1,8,0,4.049,NA,,,0.006,0,2,
A,fre,1,1,1,1,Afre111,1,no,5/2/18,4,5/2/18,no,41,1,5,0,4.439,2.452,,,0.002,0,0,
A,fre,1,1,2,1,Afre112,2,no,5/2/18,7.5,5/2/18,no,119,4,14,0,15.568,8.162,,,0.014,0,0,8 seeds on 2nd head - take out of count before recording.
A,fre,1,1,3,1,Afre113,1,no,5/2/18,NA,NA,NA,4,0,1,1,0.259,NA,,,need microbalance,0,0,
A,fre,1,1,4,1,Afre114,2,no,5/2/18,3,5/2/18,no,19,11,13,0,3.505,1.523,,,need microbalance,0,0,7 seeds on 2nd head - take out of count before recording
A,fre,1,1,5,1,Afre115,1,no,5/2/18,2.5,5/2/18,no,38,0,6,0,4.703,3.178,,,need microbalance,0,0,
A,fre,1,2,1,1,Afre121,1,no,5/2/18,NA,NA,NA,7,2,3,2,1.445,NA,,,need microbalance,0,0,
A,fre,1,2,2,1,Afre122,1,no,5/2/18,3,5/2/18,no,15,7,5,1,3.206,1.791,,,need microbalance,0,0,
A,fre,1,2,3,1,Afre123,1,no,5/2/18,2,5/2/18,no,5,1,3,0,0.768,0.416,NA,NA,NA,NA,NA,Empty envelope 
A,fre,1,2,4,1,Afre124,2,no,5/2/18,6,5/2/18,no,110,2,14,0,15.323,7.895,,,0.025,0,0,8 seeds on 2nd head - take out of count before recording
A,fre,1,2,5,1,Afre125,1,no,5/2/18,4,5/2/18,no,33,3,7,0,6.167,3.66,,,0.01,0,0,
A,gla,1,1,1,1,Agla111,2,no,5/2/18,2,5/2/18,no,13,0,0,0,2.427,1.364,,,0.009,1,0,1 seed on 2nd head
A,gla,1,1,2,1,Agla112,1,yes,5/2/18,1.5,5/2/18,no,0,6,0,0,0.835,0.343,,,0.003,0,0,
A,gla,1,1,2,2,Agla112,2,yes,5/2/18,NA,NA,NA,0,0,0,0,0.554,NA,,,NA,2,0,
A,gla,1,1,3,1,Agla113,1,no,5/2/18,2,5/2/18,no,11,4,0,0,2.421,1.951,,,need microbalance,0,0,
A,gla,1,1,4,1,Agla114,1,yes,5/2/18,2,5/2/18,no,6,0,0,0,1.075,0.62,,,0.003,0,0,
A,gla,1,1,4,2,Agla114,1,yes,5/2/18,NA,NA,NA,2,4,0,0,0.572,NA,,,NA,0,0,
A,gla,1,1,5,1,Agla115,2,no,5/2/18,NA,NA,NA,0,1,0,0,1.281,NA,,,0.005,1,0,
A,gla,1,2,1,1,Agla121,1,no,5/2/18,NA,NA,NA,0,0,0,0,0.568,NA,,,0.004,1,0,
A,gla,1,2,2,1,Agla122,1,yes,5/3/18,2.5,5/2/18,no,17,0,0,0,3.073,2.599,,,0.008,0,0,
A,gla,1,2,2,2,Agla122,2,yes,5/3/18,NA,NA,NA,6,0,0,0,0.572,NA,,,NA,1,0,
A,gla,1,2,3,1,Agla123,2,no,5/4/18,NA,NA,NA,15,0,0,0,4.306,NA,,,0.006,1,0,
A,gla,1,2,4,1,Agla124,2,no,5/5/18,1.5,5/2/18,no,0,9,0,0,0.933,0.277,,,need microbalance,1,0,
A,gla,1,2,5,1,Agla125,2,no,5/6/18,NA,NA,NA,12,1,0,0,2.662,NA,,,need microbalance,0,0,
B,cal,1,1,1,1,Bcal111,1,no,4/29/18,4,4/30/18,yes,28,30,7,1,5.891,4.365,,,0.004,0,0,
B,cal,1,1,2,1,Bcal112,1,no,4/29/18,2,4/30/18,yes,9,0,6,0,0.994,0.667,,,need microbalance,0,0,
B,cal,1,1,3,1,Bcal113,3,no,4/29/18,NA,NA,NA,151,59,19,8,35.505,NA,,,0.045,0,1,
B,cal,1,1,4,1,Bcal114,1,no,4/29/18,5.5,4/30/18,yes,64,8,8,3,14.012,10.261,,,0.014,0,0,
B,cal,1,1,5,1,Bcal115,2,no,4/29/18,NA,NA,NA,48,60,6,8,12.274,NA,,,0.018,0,0,
B,cal,1,2,1,1,Bcal121,1,no,4/29/18,2,4/30/18,yes,2,4,5,2,1.326,0.882,,,0.002,0,0,
B,cal,1,2,2,1,Bcal122,1,no,4/29/18,NA,NA,NA,6,0,4,0,1.283,NA,,,0.003,0,0,
B,cal,1,2,3,1,Bcal123,1,no,4/29/18,NA,NA,NA,0,2,0,4,0.449,NA,,,need microbalance,0,0,
B,cal,1,2,4,1,Bcal124,1,no,4/29/18,2.5,4/30/18,yes,3,7,4,1,1.294,0.826,,,need microbalance,0,0,
B,cal,1,2,5,1,Bcal125,1,no,4/29/18,1,4/30/18,yes,0,3,0,3,0.348,0.218,,,need microbalance,0,0,
B,fre,1,1,1,1,Bfre111,1,no,4/29/18,4,4/30/18,yes,21,20,5,0,3.544,2.426,,,0.005,0,0,
B,fre,1,1,2,1,Bfre112,1,no,4/29/18,3,4/30/18,yes,23,2,7,0,2.963,2.286,,,0.003,0,0,
B,fre,1,1,3,1,Bfre113,1,no,4/29/18,NA,NA,NA,19,3,4,1,3.843,NA,,,0.002,0,0,
B,fre,1,1,4,1,Bfre114,1,no,4/29/18,5.5,4/30/18,yes,116,3,8,0,10.268,7.728,,,0.014,0,0,
B,fre,1,1,5,1,Bfre115,1,no,4/29/18,NA,NA,NA,92,32,6,0,11.542,NA,,,0.019,0,0,
B,fre,1,2,1,1,Bfre121,1,no,4/29/18,2,4/30/18,yes,3,13,5,2,1.475,0.834,,,0.005,0,0,
B,fre,1,2,2,1,Bfre122,1,no,4/29/18,7,4/30/18,yes,174,7,9,0,19.862,15.754,,,0.022,0,0,
B,fre,1,2,3,1,Bfre123,1,no,4/29/18,NA,NA,NA,10,2,4,1,2.279,NA,,,0.003,0,0,
B,fre,1,2,4,1,Bfre124,4,no,4/29/18,NA,NA,NA,156,83,22,9,35.057,NA,,,0.046,0,0,
B,fre,1,2,5,1,Bfre125,1,no,4/29/18,NA,NA,NA,151,8,9,0,15.930,NA,,,0.017,0,0,
B,gla,1,1,1,1,Bgla111,2,no,4/29/18,NA,NA,NA,24,17,0,0,7.575,NA,,,0.016,1,0,
B,gla,1,1,2,1,Bgla112,3,no,4/29/18,NA,NA,NA,43,3,0,0,10.723,NA,,,0.017,1,0,
B,gla,1,1,3,1,Bgla113,3,no,4/29/18,NA,NA,NA,40,11,0,0,11.479,NA,,,0.029,0,0,
B,gla,1,1,4,1,Bgla114,4,no,4/29/18,NA,NA,NA,125,12,0,0,23.977,NA,,,0.049,0,0,
B,gla,1,1,5,1,Bgla115,3,no,4/29/18,NA,NA,NA,96,9,0,0,20.440,NA,,,0.026,0,0,
B,gla,1,2,1,1,Bgla121,2,no,4/29/18,NA,NA,NA,15,7,0,0,3.921,NA,,,0.005,0,0,
B,gla,1,2,2,1,Bgla122,4,no,4/29/18,NA,NA,NA,62,42,0,0,11.594,NA,,,0.019,1,0,
B,gla,1,2,3,1,Bgla123,2,no,4/29/18,NA,NA,NA,27,0,0,0,7.877,NA,,,0.012,1,0,
B,gla,1,2,4,1,Bgla124,2,no,4/29/18,NA,NA,NA,10,4,0,0,3.050,NA,,,0.009,1,0,
B,gla,1,2,5,1,Bgla125,1,no,4/29/18,NA,NA,NA,0,1,0,0,0.708,NA,,,0.006,0,0,
B,cal,2,1,1,1,Bcal211,2,no,4/29/18,NA,NA,NA,15,36,3,9,9.089,NA,,,0.011,0,0,
B,cal,2,1,2,1,Bcal212,2,no,4/29/18,NA,NA,NA,4,2,3,5,2.011,NA,,,need microbalance,0,0,
B,cal,2,1,3,1,Bcal213,1,no,4/29/18,NA,NA,NA,112,5,9,0,7.501,NA,,,0.011,0,0,
B,cal,2,1,4,1,Bcal214,2,no,4/29/18,NA,NA,NA,76,17,12,1,15.013,NA,,,0.014,0,0,
B,cal,2,1,5,1,Bcal215,2,no,4/29/18,NA,NA,NA,36,9,7,1,8.237,NA,,,0.009,0,0,
B,cal,2,2,1,1,Bcal221,1,no,4/29/18,NA,NA,NA,59,10,6,0,8.299,NA,,,0.008,0,0,
B,cal,2,2,2,1,Bcal222,2,no,4/29/18,NA,NA,NA,138,10,18,0,23.417,NA,,,0.018,0,0,
B,cal,2,2,3,1,Bcal223,1,no,4/29/18,5.5,4/30/18,yes,87,4,9,0,12.224,9.88,,,0.01,0,0,
B,cal,2,2,4,1,Bcal224,1,no,4/29/18,1.5,4/30/18,yes,0,1,0,4,0.521,0.32,,,need microbalance,0,0,
B,cal,2,2,5,1,Bcal225,1,no,4/29/18,NA,NA,NA,66,5,8,0,12.871,NA,,,0.014,0,0,
B,fre,2,1,1,1,Bfre211,1,no,4/29/18,4.5,4/30/18,yes,42,26,6,1,7.031,5.172,,,0.015,0,0,
B,fre,2,1,2,1,Bfre212,1,no,4/29/18,2,4/30/18,yes,10,3,4,2,1.472,1.009,,,0.004,0,0,
B,fre,2,1,3,1,Bfre213,1,no,4/29/18,6,4/30/18,yes,113,8,8,0,12.383,9.599,,,0.016,0,0,
B,fre,2,1,4,1,Bfre214,1,no,4/29/18,4,4/30/18,yes,41,12,9,0,5.201,3.915,,,0.011,0,0,
B,fre,2,1,5,1,Bfre215,1,no,4/29/18,6,4/30/18,yes,96,10,8,0,12.853,10.085,,,0.025,0,0,
B,fre,2,2,1,1,Bfre221,1,no,4/29/18,3.5,4/30/18,yes,41,4,4,1,5.198,3.905,,,0.006,0,0,
B,fre,2,2,2,1,Bfre222,1,no,4/29/18,NA,NA,NA,14,6,1,3,2.906,NA,,,0.002,0,0,
B,fre,2,2,3,1,Bfre223,1,no,4/29/18,4,4/30/18,yes,59,2,8,0,7.519,5.271,,,0.011,0,0,
B,fre,2,2,4,1,Bfre224,1,no,4/29/18,4,4/30/18,yes,34,6,6,0,3.837,2.998,,,0.005,0,0,
B,fre,2,2,5,1,Bfre225,1,no,4/29/18,NA,NA,NA,2,2,1,0,0.333,NA,,,need microbalance,0,0,
B,gla,2,1,1,1,Bgla211,3,no,4/29/18,NA,NA,NA,45,5,0,0,8.647,NA,,,0.02,1,0,
B,gla,2,1,2,1,Bgla212,4,no,4/29/18,NA,NA,NA,126,1,0,0,28.461,NA,,,0.047,1,0,
B,gla,2,1,3,1,Bgla213,2,no,4/29/18,NA,NA,NA,17,3,0,0,2.983,NA,,,0.006,1,0,
B,gla,2,1,4,1,Bgla214,2,no,4/29/18,NA,NA,NA,17,2,0,0,3.904,NA,,,0.008,1,0,
B,gla,2,1,5,1,Bgla215,3,no,4/29/18,NA,NA,NA,37,7,0,0,7.195,NA,,,0.012,1,0,
B,gla,2,2,1,1,Bgla221,6,no,4/29/18,NA,NA,NA,163,24,0,0,41.200,NA,,,0.077,1,0,
B,gla,2,2,2,1,Bgla222,4,no,4/29/18,NA,NA,NA,54,5,0,0,13.506,NA,,,0.029,0,0,
B,gla,2,2,3,1,Bgla223,2,no,4/29/18,NA,NA,NA,5,13,0,0,1.849,NA,,,need microbalance,1,0,
B,gla,2,2,4,1,Bgla224,2,no,4/29/18,NA,NA,NA,27,3,0,0,8.845,NA,,,0.019,1,0,
B,gla,2,2,5,1,Bgla225,6,no,4/29/18,NA,NA,NA,108,11,0,0,26.758,NA,,,0.054,1,0,
C,cal,1,1,1,1,Ccal111,2,no,5/1/18,NA,NA,NA,73,47,7,4,25.401,NA,,,0.025,0,0,
C,cal,1,1,2,1,Ccal112,1,no,5/1/18,5,5/1/18,no,47,9,4,1,9.148,6.596,,,0.011,0,0,
C,cal,1,1,3,1,Ccal113,2,no,5/1/18,NA,NA,NA,103,10,19,0,15.957,NA,,,0.019,0,0,
C,cal,1,1,4,1,Ccal114,2,no,5/1/18,NA,NA,NA,140,57,6,15,35.052,NA,,,0.04,0,0,
C,cal,1,1,5,1,Ccal115,5,no,5/1/18,NA,NA,NA,NA,NA,NA,NA,NA,NA,NA,NA,NA,NA,NA,moldy
C,cal,1,2,1,1,Ccal121,1,no,5/1/18,2,5/1/18,no,0,7,0,6,1.297,0.869,,,need microbalance,0,0,
C,cal,1,2,2,1,Ccal122,1,no,5/1/18,2.5,5/1/18,no,1,0,3,3,1.837,0.768,,,need microbalance,0,0,
C,cal,1,2,3,1,Ccal123,1,no,5/1/18,4,5/1/18,no,24,7,6,1,6.255,4.408,,,0.004,0,0,
C,cal,1,2,4,1,Ccal124,1,no,5/1/18,3,5/1/18,no,5,4,3,2,1.896,1.346,,,0.002,0,0,
C,cal,1,2,5,1,Ccal125,1,no,5/1/18,4,5/1/18,no,1,7,0,0,1.906,1.094,,,0.002,0,0,
C,fre,1,1,1,1,Cfre111,3,no,5/1/18,NA,NA,NA,434,15,33,2,51.427,NA,,,0.058,0,0,
C,fre,1,1,2,1,Cfre112,1,no,5/1/18,NA,NA,NA,45,5,8,0,4.784,NA,,,0.006,0,0,
C,fre,1,1,3,1,Cfre113,1,no,5/1/18,5,5/1/18,no,51,11,7,1,4.635,3.517,,,0.01,0,0,
C,fre,1,1,4,1,Cfre114,1,no,5/1/18,7,5/1/18,no,104,25,not sep,not separated,10.693,7.55,,,0.011,0,0,
C,fre,1,1,5,1,Cfre115,1,no,5/1/18,6,5/1/18,no,70,8,8,0,6.378,4.836,,,0.011,0,0,
C,fre,1,2,1,1,Cfre121,1,no,5/1/18,5,5/1/18,no,64,5,7,0,6.418,3.466,,,0.01,0,0,
C,fre,1,2,2,1,Cfre122,5,no,5/1/18,NA,NA,NA,377,35,46,1,54.702,29.948,,,0.012,0,0,
C,fre,1,2,3,1,Cfre123,1,no,5/1/18,1,5/1/18,no,0,0,0,0,0.506,0.172,,,need microbalance,0,1,
C,fre,1,2,4,1,Cfre124,1,no,5/1/18,NA,NA,NA,101,1,8,1,10.704,6.013,,,0.014,0,0,
C,fre,1,2,5,1,Cfre125,1,no,5/1/18,NA,NA,NA,1,12,10,2,2.364,0.662,,,0.011,0,0,
C,gla,1,1,1,1,Cgla111,1,yes,5/1/18,1.5,5/1/18,no,6,0,0,0,0.908,0.597,,,need microbalance,0,0,
C,gla,1,1,1,2,Cgla111,1,yes,5/1/18,NA,NA,NA,2,0,0,0,0.323,NA,,,NA,0,0,
C,gla,1,1,2,1,Cgla112,2,no,5/1/18,NA,NA,NA,12,0,0,0,1.985,1.355,,,0.002,1,0,
C,gla,1,1,3,1,Cgla113,3,no,5/1/18,NA,NA,NA,31,2,0,0,5.635,3.998,,,0.013,1,0,
C,gla,1,1,4,1,Cgla114,2,yes,5/1/18,2,5/1/18,no,13,1,0,0,2.801,1.72,,,0.006,1,0,
C,gla,1,1,4,2,Cgla114,0,yes,5/1/18,NA,NA,NA,0,0,0,0,0.000,0,,,NA,0,0,
C,gla,1,1,5,1,Cgla115,4,no,5/1/18,NA,NA,NA,0,0,0,0,1.749,NA,,,0.01,1,1,
C,gla,1,2,1,1,Cgla121,2,no,5/1/18,NA,NA,NA,4,0,0,0,2.006,0.745,,,0.004,0,0,
C,gla,1,2,2,1,Cgla122,2,no,5/1/18,NA,NA,NA,7,21,0,0,3.145,1.671,,,0.012,0,0,
C,gla,1,2,3,1,Cgla123,1,yes,5/1/18,2.5,5/1/18,no,18,1,0,0,4.154,3.439,,,0.011,0,0,
C,gla,1,2,3,2,Cgla123,1,yes,5/1/18,NA,NA,NA,18,2,0,0,4.104,NA,,,NA,0,0,
C,gla,1,2,4,1,Cgla124,2,no,5/1/18,1.5,5/1/18,no,12,2,0,0,2.070,1.302,,,0.005,0,0,
C,gla,1,2,5,1,Cgla125,3,no,5/1/18,2.5,5/1/18,no,17,5,0,0,3.968,2.165,,,0.012,0,0,
C,cal,2,1,1,1,Ccal211,1,no,5/1/18,3,5/1/18,no,1,8,0,3,1.253,0.731,,,need microbalance,0,0,
C,cal,2,1,2,1,Ccal212,1,no,5/1/18,6,5/1/18,no,55,4,8,0,11.590,8.69,,,0.012,0,0,
C,cal,2,1,3,1,Ccal213,2,no,5/1/18,NA,NA,NA,97,40,17,0,18.900,14.282,,,0.013,0,0,
C,cal,2,1,4,1,Ccal214,2,no,5/1/18,NA,NA,NA,65,38,14,0,21.869,NA,,,0.014,0,0,
C,cal,2,1,5,1,Ccal215,2,no,5/1/18,NA,NA,NA,12,7,8,0,3.143,NA,,,0.005,0,0,
C,cal,2,2,1,1,Ccal221,3,no,5/1/18,NA,NA,NA,239,61,24,3,44.909,NA,,,0.032,0,0,some seeds lost after count
C,cal,2,2,2,1,Ccal222,2,no,5/1/18,NA,NA,NA,58,21,7,1,12.803,NA,,,0.01,0,0,
C,cal,2,2,3,1,Ccal223,3,no,5/1/18,NA,NA,NA,19,64,7,6,18.577,NA,,,0.026,0,1,
C,cal,2,2,4,1,Ccal224,1,no,5/1/18,4.5,5/1/18,no,16,13,3,2,4.899,NA,,,0.002,0,0,
C,cal,2,2,5,1,Ccal225,2,no,5/1/18,NA,NA,NA,42,2,10,1,6.658,NA,,,0.009,0,0,
C,fre,2,1,1,1,Cfre211,3,no,5/1/18,NA,NA,NA,113,25,10,3,22.347,NA,,,0.027,0,0,
C,fre,2,1,2,1,Cfre212,1,no,5/1/18,1.5,5/1/18,no,0,3,0,5,0.243,NA,,,need microbalance,0,0,
C,fre,2,1,3,1,Cfre213,2,no,5/1/18,NA,NA,NA,71,113,9,1,10.666,NA,,,0.01,0,0,
C,fre,2,1,4,1,Cfre214,2,no,5/1/18,NA,NA,NA,39,26,3,6,5.509,NA,,,0.008,0,0,
C,fre,2,1,5,1,Cfre215,1,no,5/1/18,4,5/1/18,no,22,9,2,0,3.752,NA,,,0.004,0,0,
C,fre,2,2,1,1,Cfre221,2,no,5/1/18,NA,NA,NA,30,12,10,0,3.884,NA,,,0.004,0,0,
C,fre,2,2,2,1,Cfre222,2,no,5/1/18,NA,NA,NA,167,38,5,0,24.125,NA,,,0.021,0,0,
C,fre,2,2,3,1,Cfre223,2,no,5/1/18,NA,NA,NA,2,11,7,5,3.454,NA,,,0.006,0,0,
C,fre,2,2,4,1,Cfre224,1,no,5/1/18,2,5/1/18,no,5,7,0,0,0.868,NA,,,need microbalance,0,0,
C,fre,2,2,5,1,Cfre225,2,no,5/1/18,NA,NA,NA,36,4,7,0,4.818,NA,,,0.009,0,0,
C,gla,2,1,1,1,Cgla211,2,no,5/1/18,NA,NA,NA,9,6,0,0,1.687,NA,,,0.005,0,0,
C,gla,2,1,2,1,Cgla212,2,no,5/1/18,1,5/1/18,no,4,1,0,0,0.474,NA,,,need microbalance,0,0,some reproductive biomass missing
C,gla,2,1,3,1,Cgla213,1,no,5/1/18,NA,NA,NA,0,0,0,0,0.457,NA,,,need microbalance,1,0,
C,gla,2,1,4,1,Cgla214,1,yes,5/1/18,NA,NA,NA,7,7,0,0,1.270,NA,,,0.01,0,0,
C,gla,2,1,4,2,Cgla214,2,yes,5/1/18,NA,NA,NA,1,0,0,0,1.642,NA,,,NA,1,0,
C,gla,2,1,5,1,Cgla215,1,yes,5/1/18,NA,NA,NA,1,2,0,0,0.575,NA,,,0.003,0,0,
C,gla,2,1,5,2,Cgla215,0,yes,5/1/18,NA,NA,NA,0,0,0,0,0.000,NA,,,NA,0,0,
C,gla,2,2,1,1,Cgla221,2,no,5/1/18,3,5/1/18,no,25,8,0,0,5.088,NA,,,0.01,0,0,
C,gla,2,2,2,1,Cgla222,1,yes,5/1/18,2.5,5/1/18,no,10,3,0,0,2.793,NA,,,0.003,0,0,
C,gla,2,2,2,2,Cgla222,1,yes,5/1/18,NA,NA,NA,1,1,0,0,0.686,NA,,,NA,0,0,
C,gla,2,2,3,1,Cgla223,1,no,5/1/18,NA,NA,NA,4,2,0,0,1.006,NA,,,need microbalance,0,0,
C,gla,2,2,4,1,Cgla224,2,no,5/1/18,2,5/1/18,no,4,6,0,0,1.772,NA,,,0.004,0,0,
C,gla,2,2,5,1,Cgla225,2,no,5/1/18,NA,NA,NA,0,0,0,0,0.989,NA,,,0.006,2,0,
D,cal,1,1,1,1,Dcal111,5,no,5/1/18,NA,NA,NA,337,72,0,1,39.673,NA,,,0.038,0,0,may be fre or grac? Mom may be fre?
D,cal,1,1,2,1,Dcal112,2,no,5/1/18,NA,NA,NA,85,13,11,0,10.641,NA,,,0.007,0,0,may be fre or grac? Mom may be fre?
D,cal,1,1,3,1,Dcal113,2,no,5/1/18,NA,NA,NA,170,41,5,0,22.873,NA,,,0.028,0,0,may be fre or grac? Mom may be fre?
D,cal,1,1,4,1,Dcal114,0,no,5/1/18,NA,NA,NA,0,0,0,0,0.000,NA,,,NA,NA,NA,No Collection
D,cal,1,1,5,1,Dcal115,0,no,5/1/18,NA,NA,NA,0,0,0,0,0.000,NA,,,NA,NA,NA,No Collection
D,cal,1,2,1,1,Dcal121,7,no,5/1/18,NA,NA,NA,458,22,26,5,96.955,NA,,,0.079,0,0,
D,cal,1,2,2,1,Dcal122,2,no,5/1/18,NA,NA,NA,60,19,6,0,9.585,NA,,,0.013,0,0,
D,cal,1,2,3,1,Dcal123,5,no,5/1/18,NA,NA,NA,392,49,6,0,44.690,NA,,,0.045,0,0,
D,cal,1,2,4,1,Dcal124,7,no,5/1/18,NA,NA,NA,180,199,6,14,40.610,NA,,,0.035,0,0,
D,cal,1,2,5,1,Dcal125,2,no,5/1/18,NA,NA,NA,119,4,14,0,25.796,NA,,,0.031,0,0,
D,fre,1,1,1,1,Dfre111,1,no,4/29/18,NA,NA,NA,123,16,11,3,13.294,NA,,,0.025,0,0,
D,fre,1,1,2,1,Dfre112,3,no,4/29/18,NA,NA,NA,273,8,4,0,36.872,NA,,,0.045,0,0,
D,fre,1,1,3,1,Dfre113,2,no,4/29/18,NA,NA,NA,2,5,15,1,4.975,NA,,,0.015,0,0,
D,fre,1,1,4,1,Dfre114,3,no,4/29/18,NA,NA,NA,332,52,20,2,38.761,NA,,,0.051,0,0,
D,fre,1,1,5,1,Dfre115,3,no,4/29/18,NA,NA,NA,290,24,6,1,28.563,NA,,,0.048,0,0,
D,fre,1,2,1,1,Dfre121,3,no,4/29/18,NA,NA,NA,263,126,22,8,48.005,NA,,,0.052,0,0,
D,fre,1,2,2,1,Dfre122,1,no,4/29/18,1.5,4/30/18,yes,4,0,5,0,1.659,NA,,,need microbalance ,0,0,
D,fre,1,2,3,1,Dfre123,2,no,4/29/18,NA,NA,NA,6,9,6,0,4.498,NA,,,0.015,0,1,
D,fre,1,2,4,1,Dfre124,1,no,4/29/18,3.5,4/30/18,yes,36,2,7,1,3.693,NA,,,need microbalance ,0,0,
D,fre,1,2,5,1,Dfre125,3,no,4/29/18,NA,NA, ,383,106,29,5,58.826,NA,,,0.061,0,0,
D,gla,1,1,1,1,Dgla111,1,no,5/2/18,3,5/2/18,no,25,0,0,0,2.922,NA,,,0.012,0,0,
D,gla,1,1,2,1,Dgla112,5,no,5/2/18,NA,NA,NA,96,8,0,0,27.944,NA,,,0.053,1,0,
D,gla,1,1,3,1,Dgla113,2,no,5/2/18,NA,NA,NA,32,0,0,0,11.622,NA,,,0.035,1,0,
D,gla,1,1,4,1,Dgla114,1,yes,5/2/18,4,5/2/18,no,30,3,0,0,8.680,NA,,,0.027,0,0,
D,gla,1,1,4,2,Dgla114,2,yes,5/2/18,NA,NA,NA,40,20,0,0,9.525,NA,,,NA,0,0,
D,gla,1,1,5,1,Dgla115,4,no,5/2/18,NA,NA,NA,35,1,0,0,6.826,NA,,,0.017,0,0,
D,gla,1,2,1,1,Dgla121,1,yes,5/2/18,3.5,5/2/18,no,33,0,0,0,5.355,NA,,,0.036,0,0,
D,gla,1,2,1,2,Dgla121,3,yes,5/2/18,NA,NA,NA,1,0,0,0,4.619,NA,,,NA,2,1,
D,gla,1,2,2,1,Dgla122,1,yes,5/2/18,4,5/2/18,no,29,0,0,0,5.736,NA,,,0.028,1,0,
D,gla,1,2,2,2,Dgla122,2,yes,5/2/18,NA,NA,NA,55,1,0,0,8.318,NA,,,NA,0,0,
D,gla,1,2,3,1,Dgla123,2,no,5/2/18,3.5,5/2/18,no,12,1,0,0,5.204,NA,,,0.07,1,0,
D,gla,1,2,4,1,Dgla124,4,no,5/2/18,NA,NA,NA,65,10,0,0,17.247,NA,,,0.034,2,0,
D,gla,1,2,5,1,Dgla125,3,no,5/2/18,NA,NA,NA,28,10,0,0,6.858,NA,,,0.012,1,0,
E,cal,1,1,1,1,Ecal111,2,no,5/1/18,NA,NA,NA,38,46,8,9,17.621,NA,,,0.011,0,0,
E,cal,1,1,2,1,Ecal112,2,no,5/1/18,NA,NA,NA,106,9,17,1,22.312,NA,,,0.016,0,0,
E,cal,1,1,3,1,Ecal113,3,no,5/1/18,NA,NA,NA,166,58,22,1,43.248,NA,,,0.037,0,0,
E,cal,1,1,4,1,Ecal114,3,no,5/1/18,5.5,5/1/18,no,35,21,8,2,15.352,NA,,,0.024,0,1,
E,cal,1,1,5,1,Ecal115,2,no,5/1/18,NA,NA,NA,42,7,10,4,13.792,NA,,,0.009,0,0,
E,cal,1,2,1,1,Ecal121,4,no,4/29/18,NA,NA,NA,65,65,10,15,30.067,NA,,,0.025,0,1,
E,cal,1,2,2,1,Ecal122,3,no,4/29/18,NA,NA,NA,25,52,6,8,20.293,NA,,,0.03,0,1,
E,cal,1,2,3,1,Ecal123,2,no,4/29/18,NA,NA,NA,44,11,3,2,10.936,NA,,,0.012,0,1,
E,cal,1,2,4,1,Ecal124,1,no,4/29/18,NA,NA,NA,11,9,1,5,5.534,NA,,,0.01,0,0,
E,cal,1,2,5,1,Ecal125,1,no,4/29/18,1.5,4/30/18,yes,4,5,1,4,1.491,NA,,,need microbalance,0,0,
E,fre,1,1,1,1,Efre111,2,no,4/29/18,NA,NA,NA,163,15,12,1,22.002,NA,,,0.008,0,0,
E,fre,1,1,2,1,Efre112,2,no,4/29/18,NA,NA,NA,140,24,10,1,15.295,NA,,,0.011,0,0,
E,fre,1,1,3,1,Efre113,2,no,4/29/18,NA,NA,NA,24,4,1,2,5.514,NA,,,0.006,0,0,
E,fre,1,1,4,1,Efre114,2,no,4/29/18,NA,NA,NA,39,0,5,0,7.420,NA,,,0.009,0,0,
E,fre,1,1,5,1,Efre115,3,no,4/29/18,NA,NA,NA,212,19,15,1,28.929,NA,,,0.025,0,0,
E,fre,1,2,1,1,Efre121,2,no,4/29/18,NA,NA,NA,239,3,8,0,37.970,NA,,,0.033,0,0,
E,fre,1,2,2,1,Efre122,1,no,4/29/18,NA,NA,NA,69,4,8,0,10.712,NA,,,0.011,0,0,
E,fre,1,2,3,1,Efre123,3,no,4/29/18,NA,NA,NA,355,15,23,0,52.151,NA,,,0.033,0,0,
E,fre,1,2,4,1,Efre124,1,no,4/29/18,5.5,4/30/18,yes,34,31,8,3,12.780,NA,,,0.013,0,0,
E,fre,1,2,5,1,Efre125,2,no,4/29/18,NA,NA,NA,225,3,16,0,24.136,NA,,,0.027,0,0,
E,gla,1,1,1,1,Egla111,2,no,5/1/18,2,5/1/18,no,1,8,0,0,2.035,NA,,,need microbalance,1,0,
E,gla,1,1,2,1,Egla112,1,yes,5/1/18,2.5,5/1/18,no,10,1,0,0,3.685,NA,,,0.003,0,0,
E,gla,1,1,2,2,Egla112,2,yes,5/1/18,NA,NA,NA,11,12,0,0,3.547,NA,,,NA,0,0,
E,gla,1,1,3,1,Egla113,3,no,5/1/18,NA,NA,NA,20,0,0,0,6.117,NA,,,0.01,0,0,2 plants?
E,gla,1,1,4,1,Egla114,1,no,5/1/18,2.5,5/1/18,no,14,1,0,0,3.249,NA,,,need microbalance,0,0,
E,gla,1,1,5,1,Egla115,1,no,5/1/18,1.5,5/1/18,no,4,2,0,0,0.662,NA,,,need microbalance,0,0,
E,gla,1,2,1,1,Egla121,0,no,5/1/18,NA,NA,NA,NA,NA,NA,NA,NA,NA,,,NA,NA,,no collection - mom ruined
E,gla,1,2,2,1,Egla122,0,no,5/1/18,NA,NA,NA,NA,NA,NA,NA,NA,NA,,,NA,NA,,no collection - mom ruined
E,gla,1,2,3,1,Egla123,0,yes,5/1/18,NA,NA,NA,NA,NA,NA,NA,NA,NA,,,NA,NA,,no collection - mom ruined
E,gla,1,2,4,1,Egla124,0,yes,5/1/18,NA,NA,NA,NA,NA,NA,NA,NA,NA,,,NA,NA,,no collection - mom ruined
E,gla,1,2,5,1,Egla125,0,no,5/1/18,NA,NA,NA,NA,NA,NA,NA,NA,NA,,,NA,NA,,no collection - mom ruined
F,cal,1,1,1,1,Fcal111,1,no,5/1/18,5,5/1/18,no,34,9,5,0,7.305,NA,,,0.006,0,1,
F,cal,1,1,2,1,Fcal112,2,no,5/1/18,NA,NA,NA,0,9,0,0,6.399,NA,,,need microbalance,0,0,
F,cal,1,1,3,1,Fcal113,2,no,5/1/18,NA,NA,NA,33,24,4,8,8.415,NA,,,0.01,0,0,
F,cal,1,1,4,1,Fcal114,3,no,5/1/18,NA,NA,NA,90,13,11,0,16.555,NA,,,0.022,0,1,
F,cal,1,1,5,1,Fcal115,1,no,5/1/18,5,5/1/18,no,65,6,7,0,6.643,NA,,,0.011,0,0,
F,cal,1,2,1,1,Fcal121,1,no,5/1/18,NA,NA,NA,57,2,8,0,10.961,NA,,,0.005,0,0,
F,cal,1,2,2,1,Fcal122,1,no,5/1/18,7,5/1/18,no,57,11,0,0,13.886,NA,,,0.009,0,0,
F,cal,1,2,3,1,Fcal123,1,no,5/1/18,3,5/1/18,no,14,1,4,0,4.674,NA,,,0.004,0,1,
F,cal,1,2,4,1,Fcal124,1,no,5/1/18,3,5/1/18,no,13,1,4,1,3.493,NA,,,need microbalance,0,1,
F,cal,1,2,5,1,Fcal125,3,no,5/1/18,NA,NA,NA,102,15,17,2,26.585,NA,,,0.027,0,0,
F,fre,1,1,1,1,Ffre111,2,no,5/1/18,NA,NA,NA,106,20,5,0,20.325,NA,,,0.029,0,0,
F,fre,1,1,2,1,Ffre112,2,no,5/1/18,NA,NA,NA,184,19,1,0,21.633,NA,,,0.027,0,0,
F,fre,1,1,3,1,Ffre113,2,no,5/1/18,5.5,5/1/18,no,69,13,5,1,8.178,NA,,,0.011,0,0,
F,fre,1,1,4,1,Ffre114,1,no,5/1/18,5,5/1/18,no,60,17,7,0,7.551,NA,,,0.023,0,0,
F,fre,1,1,5,1,Ffre115,2,no,5/1/18,NA,NA,NA,54,18,6,0,9.960,NA,,,0.015,0,0,
F,fre,1,2,1,1,Ffre121,1,no,5/1/18,6,5/1/18,no,76,6,1,0,5.617,NA,,,0.09,0,0,
F,fre,1,2,2,1,Ffre122,1,no,5/1/18,NA,NA,NA,2,1,0,0,2.421,NA,,,0.012,0,0,
F,fre,1,2,3,1,Ffre123,2,no,5/1/18,NA,NA,NA,194,14,7,0,21.886,NA,,,0.025,0,0,
F,fre,1,2,4,1,Ffre124,1,no,5/1/18,NA,NA,NA,26,14,0,0,2.983,NA,,,0.013,0,0,
F,fre,1,2,5,1,Ffre125,1,no,5/1/18,1,5/1/18,no,4,2,4,0,0.613,NA,,,need microbalance,0,0,
F,gla,1,1,1,1,Fgla111,3,no,5/1/18,NA,NA,NA,9,4,0,0,0.944,NA,,,0.003,1,0,
F,gla,1,1,2,1,Fgla112,1,yes,5/1/18,1,5/1/18,no,4,1,0,0,0.949,NA,,,need microbalance,0,0,
F,gla,1,1,2,2,Fgla112,0,yes,5/1/18,NA,NA,NA,0,0,0,0,0.000,NA,,,,0,0,
F,gla,1,1,3,1,Fgla113,2,no,5/1/18,NA,NA,NA,25,0,0,0,4.310,NA,,,0.009,0,0,
F,gla,1,1,4,1,Fgla114,2,no,5/1/18,NA,NA,NA,11,0,0,0,2.760,NA,,,need microbalance,0,1,
F,gla,1,1,5,1,Fgla115,2,no,5/1/18,NA,NA,NA,14,5,0,0,2.905,NA,,,need microbalance,0,0,
F,gla,1,2,1,1,Fgla121,1,no,5/1/18,1,5/1/18,no,2,6,0,0,0.653,NA,,,need microbalance,0,0,
F,gla,1,2,2,1,Fgla122,1,no,5/1/18,2,5/1/18,no,6,4,0,0,1.511,NA,,,need microbalance,0,0,
F,gla,1,2,3,1,Fgla123,1,yes,5/1/18,2,5/1/18,no,12,2,0,0,2.612,NA,,,needs to be reweighed,0,0,
F,gla,1,2,3,2,Fgla123,1,yes,5/1/18,NA,NA,NA,0,3,0,0,0.601,NA,,,--,0,0,
F,gla,1,2,4,NA,Fgla124,0,yes,5/1/18,NA,NA,NA,NA,NA,NA,NA,NA,NA,,,NA,NA,,No Collection
F,gla,1,2,5,NA,Fgla125,0,no,5/1/18,NA,NA,NA,NA,NA,NA,NA,NA,NA,,,NA,NA,,No Collection
G,cal,1,1,1,1,Gcal111,1,no,5/1/18,NA,NA,NA,8,5,0,0,0.856,NA,,,need microbalance,0,0,
G,cal,1,1,2,1,Gcal112,2,no,5/1/18,NA,NA,NA,27,12,2,3,10.060,NA,,,0.017,0,1,
G,cal,1,1,3,1,Gcal113,2,no,5/1/18,NA,NA,NA,56,36,12,2,15.906,NA,,,0.017,0,0,
G,cal,1,1,4,1,Gcal114,3,no,5/1/18,NA,NA,NA,68,13,12,0,12.522,NA,,,0.014,0,1,
G,cal,1,1,5,1,Gcal115,1,no,5/1/18,5.5,5/1/18,no,58,14,8,1,7.233,NA,,,0.009,0,0,
G,cal,1,2,1,1,Gcal121,2,no,5/1/18,NA,NA,NA,67,23,5,0,8.294,NA,,,0.015,0,0,
G,cal,1,2,2,1,Gcal122,1,no,5/1/18,2,5/1/18,no,1,6,1,3,0.704,NA,,,need microbalance,0,0,
G,cal,1,2,3,1,Gcal123,1,no,5/1/18,4.5,5/1/18,no,3,10,3,0,4.003,NA,,,?,0,0,Envelope missing?
G,cal,1,2,4,1,Gcal124,1,no,5/1/18,3,5/1/18,no,0,11,5,0,1.547,NA,,,need microbalance,0,0,
G,cal,1,2,5,1,Gcal125,2,no,5/1/18,NA,NA,NA,29,6,6,0,7.012,NA,,,0.013,0,0,herbiv? Infected?
G,fre,1,1,1,1,Gfre111,3,no,4/29/18,NA,NA,NA,196,34,11,6,31.808,NA,,,0.039,0,0,
G,fre,1,1,2,1,Gfre112,2,no,4/29/18,NA,NA,NA,122,3,7,0,18.559,NA,,,0.022,0,0,
G,fre,1,1,3,1,Gfre113,1,no,4/29/18,NA,NA,NA,24,2,0,0,2.422,NA,,,need microbalance,0,0,
G,fre,1,1,4,1,Gfre114,1,no,4/29/18,NA,NA,NA,120,8,1,0,13.605,NA,,,0.014,0,1,
G,fre,1,1,5,1,Gfre115,1,no,4/29/18,NA,NA,NA,21,3,0,0,2.205,NA,,,0.003,0,0,
G,fre,1,2,1,1,Gfre121,3,no,4/29/18,NA,NA,NA,28,7,3,6,7.784,NA,,,0.01,1,0,
G,fre,1,2,2,1,Gfre122,2,no,4/29/18,NA,NA,NA,177,4,3,0,15.859,NA,,,0.021,0,0,
G,fre,1,2,3,1,Gfre123,2,no,4/29/18,NA,NA,NA,47,4,0,0,3.612,NA,,,0.005,0,0,two plants. biomass is for both plants together
G,fre,1,2,4,1,Gfre124,3,no,4/29/18,NA,NA,NA,85,34,8,0,14.417,NA,,,0.019,0,0,
G,fre,1,2,5,1,Gfre125,3,no,4/29/18,NA,NA,NA,130,14,4,0,23.395,NA,,,0.023,0,0,
G,gla,1,1,1,1,Ggla111,3,no,4/29/18,NA,NA,NA,44,2,0,0,6.922,NA,,,0.011,0,0,
G,gla,1,1,2,1,Ggla112,2,no,4/29/18,2,4/30/18,yes,15,5,0,0,3.308,NA,,,0.008,1,0,"2 flowers, but one empty so full one diam measured."
G,gla,1,1,3,1,Ggla113,2,no,4/29/18,2.5,4/30/18,yes,15,0,0,0,3.131,NA,,,0.008,1,0,"2 flowers, but one empty so full one diam measured."
G,gla,1,1,4,1,Ggla114,2,no,4/29/18,NA,NA,NA,14,0,0,0,2.455,NA,,,0.004,0,0,
G,gla,1,1,5,1,Ggla115,2,no,4/29/18,2.5,4/30/18,yes,23,7,0,0,4.329,NA,,,0.015,1,0,"2 flowers, but one empty so full one diam measured."
G,gla,1,2,1,1,Ggla121,2,no,4/29/18,NA,NA,NA,11,1,0,0,2.836,NA,,,0.004,1,0,
G,gla,1,2,2,1,Ggla122,2,no,4/29/18,NA,NA,NA,9,5,0,0,1.745,NA,,,0.004,0,0,
G,gla,1,2,3,1,Ggla123,2,no,4/29/18,NA,NA,NA,7,2,0,0,1.079,NA,,,need microbalance,0,0,
G,gla,1,2,4,1,Ggla124,1,no,4/29/18,NA,NA,NA,3,3,0,0,1.065,NA,,,need microbalance,0,0,
G,gla,1,2,5,1,Ggla125,4,no,4/29/18,NA,NA,NA,16,8,0,0,3.509,NA,,,0.006,2,0,
H,cal,1,1,1,1,Hcal111,2,no,4/29/18,NA,NA,NA,34,6,7,0,9.235,NA,,,0.003,0,1,
H,cal,1,1,2,1,Hcal112,1,no,4/29/18,2,4/30/18,yes,5,3,5,0,1.670,NA,,,need microbalance,0,0,
H,cal,1,1,3,1,Hcal113,2,no,4/29/18,NA,NA,NA,98,31,15,1,25.305,NA,,,0.014,0,0,
H,cal,1,1,4,1,Hcal114,1,no,4/29/18,2,4/30/18,yes,0,5,2,3,1.109,NA,,,need microbalance,0,0,
H,cal,1,1,5,1,Hcal115,3,no,4/29/18,NA,NA,NA,95,63,12,7,25.851,NA,,,0.031,0,0,
H,cal,1,2,1,1,Hcal121,5,no,4/29/18,NA,NA,NA,238,52,38,0,41.486,NA,,,0.042,0,0,
H,cal,1,2,2,1,Hcal122,1,no,4/29/18,NA,NA,NA,36,19,5,0,12.906,NA,,,0.007,0,0,
H,cal,1,2,3,1,Hcal123,1,no,4/29/18,NA,NA,NA,46,9,6,1,10.125,NA,,,0.008,0,0,
H,cal,1,2,4,1,Hcal124,2,no,4/29/18,4,4/30/18,yes,24,3,7,0,7.175,NA,,,0.011,0,0,2nd flr is bud so diam of developed flr measured.
H,cal,1,2,5,1,Hcal125,1,no,4/29/18,NA,NA,NA,7,5,2,1,3.217,NA,,,need microbalance,1,0,
H,fre,1,1,1,1,Hfre111,1,no,5/1/18,6,5/1/18,no,41,7,6,0,4.064,NA,,,0.009,0,0,
H,fre,1,1,2,1,Hfre112,1,no,5/1/18,4,5/1/18,no,51,8,7,1,8.053,NA,,,0.004,0,0,
H,fre,1,1,3,1,Hfre113,1,no,5/1/18,3,5/1/18,no,11,7,7,0,1.826,NA,,,0.002,0,0,
H,fre,1,1,4,1,Hfre114,1,no,5/1/18,NA,NA,NA,0,0,0,0,0.102,NA,,,need microbalance,0,1,
H,fre,1,1,5,1,Hfre115,1,no,5/1/18,2,5/1/18,no,1,10,1,2,0.892,NA,,,0.003,0,0,
H,fre,1,2,1,1,Hfre121,1,no,5/1/18,NA,NA,NA,72,3,0,0,6.021,NA,,,0.008,0,0,
H,fre,1,2,2,1,Hfre122,1,no,5/1/18,6,5/1/18,no,78,1,8,0,8.521,NA,,,0.016,0,0,
H,fre,1,2,3,1,Hfre123,1,no,5/1/18,4,5/1/18,no,37,1,7,0,4.921,NA,,,0.007,0,0,
H,fre,1,2,4,1,Hfre124,1,no,5/1/18,NA,NA,NA,1,0,5,0,1.513,NA,,,0.01,1,0,
H,fre,1,2,5,1,Hfre125,1,no,5/1/18,1,5/1/18,no,0,3,0,3,0.485,NA,,,need microbalance,0,0,
H,gla,1,1,1,1,Hgla111,1,yes,5/1/18,2,5/1/18,no,4,3,0,0,1.184,NA,,,0.004,0,0,
H,gla,1,1,1,2,Hgla111,1,yes,5/1/18,NA,NA,NA,0,4,0,0,0.732,NA,,,NA,0,0,
H,gla,1,1,2,1,Hgla112,4,no,5/1/18,NA,NA,NA,90,7,0,0,15.368,NA,,,0.018,1,0,
H,gla,1,1,3,1,Hgla113,1,no,5/1/18,NA,NA,NA,23,15,0,0,4.171,NA,,,0.006,1,0,
H,gla,1,1,4,1,Hgla114,4,no,5/1/18,NA,NA,NA,43,8,0,0,8.406,NA,,,0.008,0,0,
H,gla,1,1,5,1,Hgla115,4,no,5/1/18,NA,NA,NA,29,6,0,0,6.323,NA,,,0.006,1,0,
H,gla,1,2,1,1,Hgla121,1,yes,5/1/18,NA,NA,NA,0,7,0,0,0.596,NA,,,need microbalance,0,0,
H,gla,1,2,1,2,Hgla121,0,yes,5/1/18,NA,NA,NA,0,0,0,0,0.000,NA,,,NA,0,0,
H,gla,1,2,2,1,Hgla122,2,no,5/1/18,1.5,5/1/18,no,18,12,0,0,2.308,NA,,,0.005,0,0,
H,gla,1,2,3,1,Hgla123,1,yes,5/1/18,2,5/1/18,no,14,4,0,0,1.647,NA,,,need microbalance,0,0,
H,gla,1,2,3,2,Hgla123,1,yes,5/1/18,NA,NA,NA,0,0,0,0,0.245,NA,,,NA,0,1,
H,gla,1,2,4,1,Hgla124,2,no,5/1/18,NA,NA,NA,35,1,0,0,9.417,NA,,,0.016,0,0,
H,gla,1,2,5,1,Hgla125,2,no,5/1/18,NA,NA,NA,16,20,0,0,3.718,NA,,,0.009,0,0,